{"initial_reset_timestamp": 1542295269.2710555, "timestamps": [1542295274.4004278], "episode_lengths": [149], "episode_rewards": [-149.0], "episode_types": ["t"]}